{
    "result": {
        "list": [
            {
                "bookname": "学习JavaScript",
                "author": "张三",
                "publish": "人民教育出版社",
                "price": "图书简介图书简介图书简介图书简介图书简介图书简介图书简介图书简介图书简介图书简介图书简介图书简介",
                "count":9787777777
            },
            {
                "bookname": "深入浅出Node.js",
                "author": "李四",
                "publish": "电子工业出版社",
                "price": "图书简介图书简介图书简介图书简介图书简介图书简介图书简介图书简介图书简介图书简介图书简介图书简介",
                "count":9787888888
            },
            {
                "bookname": "React实战",
                "author": "王五",
                "publish": "清华大学出版社",
                "price": "图书简介图书简介图书简介图书简介图书简介图书简介图书简介图书简介图书简介图书简介图书简介图书简介",
                "count":9787999999
            }
        ]
    }
}
